date,観測所番号,都道府県名,地名,最高気温
2025-07-20,91236,沖縄県,安次嶺,29.1
2025-07-20,91107,沖縄県,名護,29.1
2025-07-20,69006,鳥取県,境,29.0
2025-07-20,91141,沖縄県,北原,29.0
2025-07-20,91146,沖縄県,久米島,29.0
2025-07-20,63016,兵庫県,香住,28.9
2025-07-20,69076,鳥取県,米子,28.9
2025-07-20,94001,沖縄県,伊原間,28.9
2025-07-20,94081,沖縄県,石垣島,28.7
2025-07-20,91197,沖縄県,那覇,28.7
2025-07-20,91011,沖縄県,伊是名,28.6
2025-07-20,93062,沖縄県,仲筋,28.6
2025-07-20,88317,鹿児島県,鹿児島,28.6
2025-07-20,57051,福井県,越廼,28.5
2025-07-20,56301,石川県,加賀中津原,28.5
2025-07-20,88901,鹿児島県,古仁屋,28.5
2025-07-20,93012,沖縄県,下地島,28.5
2025-07-20,94086,沖縄県,盛山,28.4
2025-07-20,88837,,,28.4
2025-07-20,92006,沖縄県,北大東,28.4
2025-07-20,88986,鹿児島県,与論島,28.4
2025-07-20,88971,鹿児島県,沖永良部,28.4
2025-07-20,91166,沖縄県,宮城島,28.4
2025-07-20,57066,福井県,福井,28.4
2025-07-20,63518,兵庫県,神戸,28.3
2025-07-20,68462,島根県,益田,28.3
2025-07-20,94101,沖縄県,大原,28.3
2025-07-20,88821,鹿児島県,笠利,28.2
2025-07-20,93041,沖縄県,宮古島,28.2
2025-07-20,69052,鳥取県,湖山,28.2
2025-07-20,68246,島根県,大田,28.2
2025-07-20,62051,大阪府,豊中,28.2
2025-07-20,62078,大阪府,大阪,28.2
2025-07-20,94062,沖縄県,西表島,28.2
2025-07-20,94116,沖縄県,波照間,28.2
2025-07-20,54711,新潟県,糸魚川,28.1
2025-07-20,62101,大阪府,関空島,28.1
2025-07-20,88131,鹿児島県,中甑,28.1
2025-07-20,93042,沖縄県,鏡原,28.1
2025-07-20,88931,鹿児島県,天城,28.1
2025-07-20,57286,福井県,美浜,28.1
2025-07-20,54157,新潟県,相川,28.0
2025-07-20,88956,鹿児島県,伊仙,28.0
2025-07-20,82182,福岡県,福岡,28.0
2025-07-20,72111,香川県,多度津,28.0
2025-07-20,67437,広島県,広島,27.9
2025-07-20,61001,京都府,間人,27.9
2025-07-20,55151,富山県,秋ヶ島,27.9
2025-07-20,62096,大阪府,八尾,27.9
2025-07-20,61286,京都府,京都,27.9
2025-07-20,68132,島根県,松江,27.9
2025-07-20,81011,山口県,須佐,27.9
2025-07-20,92012,沖縄県,旧東,27.9
2025-07-20,20751,北海道,広尾,27.9
2025-07-20,69122,鳥取県,鳥取,27.9
2025-07-20,68456,島根県,高津,27.9
2025-07-20,81116,山口県,油谷,27.9
2025-07-20,94017,沖縄県,与那国島,27.9
2025-07-20,94011,沖縄県,所野,27.8
2025-07-20,92011,沖縄県,南大東,27.8
2025-07-20,68351,島根県,川本,27.8
2025-07-20,68516,島根県,津和野,27.8
2025-07-20,88851,鹿児島県,喜界島,27.7
2025-07-20,84266,長崎県,佐世保,27.7
2025-07-20,57026,福井県,春江,27.7
2025-07-20,57248,福井県,敦賀,27.7
2025-07-20,86491,熊本県,牛深,27.7
2025-07-20,55102,富山県,富山,27.7
2025-07-20,86101,熊本県,菊池,27.7
2025-07-20,81428,山口県,下関,27.6
2025-07-20,62091,大阪府,堺,27.6
2025-07-20,56227,石川県,金沢,27.6
2025-07-20,57317,福井県,小浜,27.6
2025-07-20,14163,北海道,札幌,27.6
2025-07-20,68046,島根県,西郷岬,27.5
2025-07-20,71266,徳島県,日和佐,27.5
2025-07-20,56052,石川県,輪島,27.5
2025-07-20,82068,福岡県,空港北町,27.5
2025-07-20,44301,東京都,父島,27.5
2025-07-20,72146,香川県,引田,27.5
2025-07-20,69101,鳥取県,倉吉,27.4
2025-07-20,88432,鹿児島県,喜入,27.4
2025-07-20,63051,兵庫県,豊岡,27.4
2025-07-20,62046,大阪府,枚方,27.4
2025-07-20,43256,埼玉県,越谷,27.4
2025-07-20,61326,京都府,京田辺,27.4
2025-07-20,74516,高知県,清水,27.4
2025-07-20,55206,富山県,八尾,27.4
2025-07-20,72086,香川県,高松,27.3
2025-07-20,73151,愛媛県,四国中央,27.3
2025-07-20,88151,鹿児島県,川内,27.3
2025-07-20,71231,徳島県,蒲生田,27.3
2025-07-20,81071,山口県,萩,27.3
2025-07-20,68022,島根県,西郷,27.3
2025-07-20,61111,京都府,舞鶴,27.3
2025-07-20,84306,長崎県,西海,27.3
2025-07-20,63571,兵庫県,洲本,27.3
2025-07-20,84536,長崎県,福江,27.3
2025-07-20,61076,京都府,宮津,27.3
2025-07-20,86146,熊本県,益城,27.3
2025-07-20,84496,長崎県,長崎,27.2
2025-07-20,82056,福岡県,八幡,27.2
2025-07-20,85033,佐賀県,唐津,27.2
2025-07-20,86216,熊本県,三角,27.2
2025-07-20,65042,和歌山県,和歌山,27.2
2025-07-20,73256,愛媛県,長浜,27.2
2025-07-20,56146,石川県,七尾,27.2
2025-07-20,43241,埼玉県,さいたま,27.2
2025-07-20,44166,東京都,羽田,27.2
2025-07-20,84597,長崎県,脇岬,27.2
2025-07-20,57206,福井県,今庄,27.2
2025-07-20,63517,兵庫県,神戸空港,27.1
2025-07-20,84523,長崎県,島原,27.1
2025-07-20,63496,兵庫県,明石,27.1
2025-07-20,71106,徳島県,徳島,27.1
2025-07-20,87376,宮崎県,宮崎,27.1
2025-07-20,56116,石川県,志賀,27.1
2025-07-20,63588,兵庫県,南淡,27.1
2025-07-20,88466,鹿児島県,枕崎,27.1
2025-07-20,68431,島根県,弥栄,27.1
2025-07-20,45212,千葉県,千葉,27.1
2025-07-20,36127,福島県,福島,27.1
2025-07-20,91181,沖縄県,渡嘉敷,27.1
2025-07-20,87412,宮崎県,赤江,27.0
2025-07-20,88706,鹿児島県,尾之間,27.0
2025-07-20,35426,山形県,山形,27.0
2025-07-20,45371,千葉県,勝浦,27.0
2025-07-20,46141,神奈川県,辻堂,27.0
2025-07-20,56276,石川県,小松,27.0
2025-07-20,56176,石川県,羽咋,27.0
2025-07-20,61187,京都府,福知山,27.0
2025-07-20,55056,富山県,魚津,27.0
2025-07-20,73442,愛媛県,宇和島,27.0
2025-07-20,88371,鹿児島県,加世田,27.0
2025-07-20,86141,熊本県,熊本,27.0
2025-07-20,57001,福井県,三国,27.0
2025-07-20,43056,埼玉県,熊谷,27.0
2025-07-20,20606,北海道,更別,26.9
2025-07-20,88686,鹿児島県,屋久島,26.9
2025-07-20,67496,広島県,大竹,26.9
2025-07-20,20356,北海道,新得,26.9
2025-07-20,88261,鹿児島県,東市来,26.9
2025-07-20,63383,兵庫県,姫路,26.9
2025-07-20,63366,兵庫県,上郡,26.9
2025-07-20,44132,東京都,東京,26.9
2025-07-20,83476,大分県,蒲江,26.9
2025-07-20,84183,長崎県,松浦,26.9
2025-07-20,83051,大分県,中津,26.9
2025-07-20,66446,岡山県,倉敷,26.8
2025-07-20,68156,島根県,出雲,26.8
2025-07-20,72061,香川県,内海,26.8
2025-07-20,20601,北海道,上札内,26.8
2025-07-20,42251,群馬県,前橋,26.8
2025-07-20,91241,沖縄県,糸数,26.7
2025-07-20,82186,福岡県,博多,26.7
2025-07-20,83216,大分県,大分,26.7
2025-07-20,81286,山口県,山口,26.7
2025-07-20,81436,山口県,宇部,26.7
2025-07-20,86086,熊本県,岱明,26.7
2025-07-20,85142,佐賀県,佐賀,26.7
2025-07-20,42302,群馬県,伊勢崎,26.7
2025-07-20,44071,東京都,練馬,26.7
2025-07-20,84537,長崎県,上大津,26.7
2025-07-20,54236,新潟県,松浜,26.7
2025-07-20,73168,愛媛県,松山南吉田,26.7
2025-07-20,87492,宮崎県,油津,26.7
2025-07-20,40221,茨城県,古河,26.6
2025-07-20,68121,島根県,斐川,26.6
2025-07-20,52581,岐阜県,大垣,26.6
2025-07-20,54396,新潟県,三条,26.6
2025-07-20,66501,岡山県,玉野,26.6
2025-07-20,67511,広島県,呉,26.6
2025-07-20,60116,滋賀県,南小松,26.6
2025-07-20,83061,大分県,豊後高田,26.6
2025-07-20,50206,静岡県,三島,26.6
2025-07-20,46106,神奈川県,横浜,26.6
2025-07-20,88612,鹿児島県,種子島,26.5
2025-07-20,35246,山形県,鼠ケ関,26.5
2025-07-20,86336,熊本県,八代,26.5
2025-07-20,16091,北海道,小樽,26.5
2025-07-20,44136,東京都,江戸川臨海,26.5
2025-07-20,43126,埼玉県,久喜,26.5
2025-07-20,57121,福井県,大野,26.5
2025-07-20,57082,福井県,勝山,26.5
2025-07-20,83021,大分県,国見,26.5
2025-07-20,52586,岐阜県,岐阜,26.5
2025-07-20,88486,鹿児島県,指宿,26.5
2025-07-20,54232,新潟県,新潟,26.5
2025-07-20,86316,熊本県,本渡,26.5
2025-07-20,82046,福岡県,宗像,26.4
2025-07-20,44262,東京都,八重見ヶ原,26.4
2025-07-20,45106,千葉県,船橋,26.4
2025-07-20,82361,福岡県,大牟田,26.4
2025-07-20,83121,大分県,杵築,26.4
2025-07-20,88506,鹿児島県,内之浦,26.4
2025-07-20,67576,広島県,呉市蒲刈,26.4
2025-07-20,82191,福岡県,太宰府,26.4
2025-07-20,42366,群馬県,館林,26.4
2025-07-20,46091,神奈川県,海老名,26.3
2025-07-20,84371,長崎県,大村,26.3
2025-07-20,81151,山口県,徳佐,26.3
2025-07-20,82171,福岡県,前原,26.3
2025-07-20,56186,石川県,かほく,26.3
2025-07-20,60051,滋賀県,今津,26.3
2025-07-20,50281,静岡県,網代,26.3
2025-07-20,50551,静岡県,御前崎,26.3
2025-07-20,72161,香川県,財田,26.3
2025-07-20,87501,宮崎県,串間,26.3
2025-07-20,23086,北海道,八雲,26.3
2025-07-20,51261,愛知県,セントレア,26.3
2025-07-20,44116,東京都,府中,26.3
2025-07-20,87141,宮崎県,延岡,26.3
2025-07-20,45401,千葉県,館山,26.2
2025-07-20,91021,沖縄県,奥,26.2
2025-07-20,20361,北海道,鹿追,26.2
2025-07-20,74456,高知県,中村,26.2
2025-07-20,73341,愛媛県,瀬戸,26.2
2025-07-20,88061,鹿児島県,阿久根,26.2
2025-07-20,21297,北海道,伊達,26.2
2025-07-20,31121,青森県,小田野沢,26.2
2025-07-20,24217,北海道,江差,26.2
2025-07-20,64036,奈良県,奈良,26.2
2025-07-20,63461,兵庫県,三木,26.2
2025-07-20,63551,兵庫県,郡家,26.2
2025-07-20,63121,兵庫県,和田山,26.2
2025-07-20,85116,佐賀県,伊万里,26.2
2025-07-20,85166,佐賀県,白石,26.1
2025-07-20,62131,大阪府,熊取,26.1
2025-07-20,86477,熊本県,上,26.1
2025-07-20,54387,新潟県,寺泊,26.1
2025-07-20,53133,三重県,津,26.1
2025-07-20,73166,愛媛県,松山,26.1
2025-07-20,35052,山形県,酒田,26.1
2025-07-20,46211,神奈川県,三浦,26.1
2025-07-20,51346,愛知県,伊良湖,26.1
2025-07-20,73516,愛媛県,御荘,26.1
2025-07-20,55022,富山県,朝日,26.1
2025-07-20,40201,茨城県,水戸,26.1
2025-07-20,44173,東京都,大島北ノ山,26.1
2025-07-20,44228,東京都,三宅坪田,26.1
2025-07-20,87331,宮崎県,西都,26.0
2025-07-20,68376,島根県,浜田,26.0
2025-07-20,31312,青森県,青森,26.0
2025-07-20,60131,滋賀県,彦根,26.0
2025-07-20,33431,岩手県,盛岡,26.0
2025-07-20,45261,千葉県,茂原,26.0
2025-07-20,88736,鹿児島県,中之島,26.0
2025-07-20,45061,千葉県,我孫子,26.0
2025-07-20,88107,鹿児島県,さつま柏原,26.0
2025-07-20,54012,新潟県,粟島,26.0
2025-07-20,50456,静岡県,浜松,26.0
2025-07-20,81371,山口県,防府,26.0
2025-07-20,45361,千葉県,鴨川,26.0
2025-07-20,65288,和歌山県,南紀白浜,26.0
2025-07-20,85176,佐賀県,川副,26.0
2025-07-20,40336,茨城県,つくば,26.0
2025-07-20,60216,滋賀県,大津,26.0
2025-07-20,66306,岡山県,和気,25.9
2025-07-20,60061,滋賀県,長浜,25.9
2025-07-20,68276,島根県,横田,25.9
2025-07-20,32402,秋田県,秋田,25.9
2025-07-20,66408,岡山県,岡山,25.9
2025-07-20,36411,福島県,浪江,25.9
2025-07-20,66421,岡山県,虫明,25.9
2025-07-20,51311,愛知県,南知多,25.9
2025-07-20,51106,愛知県,名古屋,25.9
2025-07-20,68056,島根県,海士,25.9
2025-07-20,53041,三重県,桑名,25.9
2025-07-20,44207,東京都,新島,25.9
2025-07-20,55091,富山県,伏木,25.9
2025-07-20,23166,北海道,森,25.9
2025-07-20,81386,山口県,下松,25.9
2025-07-20,40341,茨城県,土浦,25.8
2025-07-20,44172,東京都,大島,25.8
2025-07-20,84341,長崎県,有川,25.8
2025-07-20,84171,長崎県,平戸,25.8
2025-07-20,50196,静岡県,富士,25.8
2025-07-20,87066,宮崎県,古江,25.8
2025-07-20,31156,青森県,脇野沢,25.8
2025-07-20,87293,宮崎県,高鍋,25.8
2025-07-20,41376,栃木県,小山,25.8
2025-07-20,60196,滋賀県,東近江,25.8
2025-07-20,43266,埼玉県,所沢,25.8
2025-07-20,52536,岐阜県,美濃加茂,25.8
2025-07-20,20696,北海道,大樹,25.8
2025-07-20,49142,山梨県,甲府,25.8
2025-07-20,88447,鹿児島県,肝付前田,25.7
2025-07-20,45282,千葉県,木更津,25.7
2025-07-20,63491,兵庫県,家島,25.7
2025-07-20,63216,兵庫県,柏原,25.7
2025-07-20,66481,岡山県,笠岡,25.7
2025-07-20,65276,和歌山県,新宮,25.7
2025-07-20,87406,宮崎県,田野,25.7
2025-07-20,88442,鹿児島県,鹿屋,25.7
2025-07-20,65036,和歌山県,友ケ島,25.7
2025-07-20,87426,宮崎県,都城,25.7
2025-07-20,74436,高知県,佐賀,25.7
2025-07-20,73406,愛媛県,宇和,25.7
2025-07-20,74182,高知県,高知,25.7
2025-07-20,82306,福岡県,久留米,25.7
2025-07-20,54166,新潟県,両津,25.7
2025-07-20,74271,高知県,安芸,25.7
2025-07-20,31436,青森県,深浦,25.6
2025-07-20,42266,群馬県,桐生,25.6
2025-07-20,12596,北海道,上富良野,25.6
2025-07-20,88406,鹿児島県,志布志,25.6
2025-07-20,74447,高知県,宿毛,25.6
2025-07-20,51031,愛知県,愛西,25.6
2025-07-20,84121,長崎県,芦辺,25.6
2025-07-20,36066,福島県,梁川,25.6
2025-07-20,51216,愛知県,大府,25.6
2025-07-20,82101,福岡県,行橋,25.6
2025-07-20,45148,,,25.6
2025-07-20,41277,栃木県,宇都宮,25.6
2025-07-20,45116,千葉県,佐倉,25.6
2025-07-20,84076,長崎県,美津島,25.6
2025-07-20,33296,岩手県,好摩,25.5
2025-07-20,68261,島根県,掛合,25.5
2025-07-20,88081,鹿児島県,大口,25.5
2025-07-20,54041,新潟県,弾崎,25.5
2025-07-20,73446,愛媛県,近永,25.5
2025-07-20,74188,高知県,南国日章,25.5
2025-07-20,74372,高知県,室戸岬,25.5
2025-07-20,50331,静岡県,静岡,25.5
2025-07-20,83137,大分県,日田,25.5
2025-07-20,83401,大分県,佐伯,25.5
2025-07-20,44216,東京都,神津島,25.5
2025-07-20,41361,栃木県,佐野,25.5
2025-07-20,87181,宮崎県,日向,25.4
2025-07-20,86467,熊本県,人吉,25.4
2025-07-20,40136,茨城県,日立,25.4
2025-07-20,83106,大分県,院内,25.4
2025-07-20,44263,東京都,八丈島,25.4
2025-07-20,31111,青森県,むつ,25.4
2025-07-20,48156,長野県,長野,25.4
2025-07-20,45291,千葉県,牛久,25.4
2025-07-20,23376,北海道,松前,25.4
2025-07-20,23232,北海道,函館,25.4
2025-07-20,31136,青森県,今別,25.4
2025-07-20,50561,静岡県,石廊崎,25.4
2025-07-20,54501,新潟県,長岡,25.4
2025-07-20,31186,青森県,市浦,25.4
2025-07-20,67401,広島県,福山,25.4
2025-07-20,81481,山口県,柳井,25.3
2025-07-20,84561,長崎県,口之津,25.3
2025-07-20,84122,長崎県,石田,25.3
2025-07-20,20551,北海道,帯広泉,25.3
2025-07-20,83126,大分県,武蔵,25.3
2025-07-20,35332,山形県,村山,25.3
2025-07-20,35141,山形県,鶴岡,25.3
2025-07-20,74187,高知県,後免,25.3
2025-07-20,36361,福島県,若松,25.3
2025-07-20,55141,富山県,砺波,25.3
2025-07-20,68401,島根県,瑞穂,25.3
2025-07-20,40406,茨城県,鹿嶋,25.3
2025-07-20,34461,宮城県,白石,25.3
2025-07-20,88621,鹿児島県,中種子,25.3
2025-07-20,41331,栃木県,真岡,25.3
2025-07-20,35002,山形県,飛島,25.2
2025-07-20,51331,愛知県,豊橋,25.2
2025-07-20,52571,岐阜県,関ケ原,25.2
2025-07-20,66136,岡山県,今岡,25.2
2025-07-20,88666,鹿児島県,上中,25.2
2025-07-20,88536,鹿児島県,田代,25.2
2025-07-20,84012,長崎県,鰐浦,25.2
2025-07-20,15251,北海道,芦別,25.2
2025-07-20,60102,滋賀県,米原,25.2
2025-07-20,65356,和歌山県,潮岬,25.2
2025-07-20,44056,東京都,青梅,25.2
2025-07-20,33781,岩手県,江刺,25.2
2025-07-20,52511,岐阜県,揖斐川,25.2
2025-07-20,69021,鳥取県,塩津,25.2
2025-07-20,74311,高知県,須崎,25.2
2025-07-20,68541,島根県,吉賀,25.1
2025-07-20,49151,山梨県,勝沼,25.1
2025-07-20,32551,秋田県,大曲,25.1
2025-07-20,53257,三重県,鳥羽,25.1
2025-07-20,81266,山口県,豊田,25.1
2025-07-20,35456,山形県,長井,25.1
2025-07-20,66127,岡山県,奈義,25.1
2025-07-20,23206,北海道,川汲,25.1
2025-07-20,45121,千葉県,成田,25.1
2025-07-20,50536,静岡県,磐田,25.1
2025-07-20,34392,宮城県,仙台,25.1
2025-07-20,40426,茨城県,龍ケ崎,25.1
2025-07-20,53112,三重県,上野,25.1
2025-07-20,14116,北海道,山口,25.1
2025-07-20,40281,茨城県,下妻,25.1
2025-07-20,40231,茨城県,下館,25.1
2025-07-20,88166,鹿児島県,溝辺,25.0
2025-07-20,67292,広島県,三入,25.0
2025-07-20,68091,島根県,鹿島,25.0
2025-07-20,24041,北海道,せたな,25.0
2025-07-20,82136,福岡県,飯塚,25.0
2025-07-20,12691,北海道,幾寅,25.0
2025-07-20,53296,三重県,南伊勢,25.0
2025-07-20,35086,山形県,浜中,25.0
2025-07-20,54296,新潟県,新津,25.0
2025-07-20,67386,広島県,本郷,25.0
2025-07-20,21323,北海道,室蘭,25.0
2025-07-20,36291,福島県,二本松,25.0
2025-07-20,54341,新潟県,巻,25.0
2025-07-20,63321,兵庫県,福崎,25.0
2025-07-20,54586,新潟県,大潟,25.0
2025-07-20,33716,岩手県,北上,25.0
2025-07-20,32056,秋田県,八森,25.0
2025-07-20,67461,広島県,竹原,25.0
2025-07-20,13311,北海道,増毛,24.9
2025-07-20,33501,岩手県,紫波,24.9
2025-07-20,40311,茨城県,鉾田,24.9
2025-07-20,32596,秋田県,横手,24.9
2025-07-20,67326,広島県,府中,24.9
2025-07-20,63411,兵庫県,三田,24.9
2025-07-20,36476,福島県,郡山,24.9
2025-07-20,83191,大分県,玖珠,24.9
2025-07-20,12512,北海道,志比内,24.9
2025-07-20,86451,熊本県,水俣,24.9
2025-07-20,54181,新潟県,中条,24.9
2025-07-20,31296,青森県,五所川原,24.9
2025-07-20,63251,兵庫県,一宮,24.9
2025-07-20,32616,秋田県,にかほ,24.9
2025-07-20,73076,愛媛県,今治,24.9
2025-07-20,45181,千葉県,横芝光,24.9
2025-07-20,71291,徳島県,海陽,24.9
2025-07-20,73141,愛媛県,新居浜,24.9
2025-07-20,35334,山形県,東根,24.9
2025-07-20,45326,千葉県,坂畑,24.9
2025-07-20,52606,岐阜県,多治見,24.8
2025-07-20,51281,愛知県,蒲郡,24.8
2025-07-20,81321,山口県,岩国,24.8
2025-07-20,31001,青森県,大間,24.8
2025-07-20,24141,北海道,熊石,24.8
2025-07-20,35552,山形県,米沢,24.8
2025-07-20,31366,青森県,鰺ケ沢,24.8
2025-07-20,45081,千葉県,香取,24.8
2025-07-20,44112,東京都,八王子,24.8
2025-07-20,14026,北海道,浜益,24.8
2025-07-20,31602,青森県,八戸,24.8
2025-07-20,63201,兵庫県,生野,24.7
2025-07-20,50491,静岡県,松崎,24.7
2025-07-20,53196,三重県,小俣,24.7
2025-07-20,81196,山口県,秋吉台,24.7
2025-07-20,17631,北海道,美幌,24.7
2025-07-20,15321,北海道,美唄,24.7
2025-07-20,17482,北海道,白滝,24.7
2025-07-20,82261,福岡県,朝倉,24.6
2025-07-20,53401,三重県,熊野新鹿,24.6
2025-07-20,54651,新潟県,高田,24.6
2025-07-20,24051,北海道,今金,24.6
2025-07-20,33751,岩手県,釜石,24.6
2025-07-20,63331,兵庫県,西脇,24.6
2025-07-20,31506,青森県,三沢,24.6
2025-07-20,23031,北海道,長万部,24.6
2025-07-20,12451,北海道,東川,24.5
2025-07-20,87301,宮崎県,加久藤,24.5
2025-07-20,16252,北海道,寿都,24.5
2025-07-20,12626,北海道,富良野,24.5
2025-07-20,35231,山形県,尾花沢,24.5
2025-07-20,16076,北海道,余市,24.5
2025-07-20,86271,熊本県,松島,24.5
2025-07-20,83201,大分県,湯布院,24.5
2025-07-20,19076,北海道,阿寒湖畔,24.5
2025-07-20,50261,静岡県,清水,24.5
2025-07-20,33581,岩手県,大迫,24.5
2025-07-20,31201,青森県,蟹田,24.5
2025-07-20,20266,北海道,上士幌,24.5
2025-07-20,60236,滋賀県,土山,24.5
2025-07-20,12442,北海道,旭川,24.5
2025-07-20,51226,愛知県,岡崎,24.5
2025-07-20,67471,広島県,生口島,24.5
2025-07-20,24101,北海道,奥尻,24.5
2025-07-20,20432,北海道,帯広,24.5
2025-07-20,48256,長野県,上田,24.5
2025-07-20,32287,秋田県,大潟,24.5
2025-07-20,64127,奈良県,五條,24.5
2025-07-20,32691,秋田県,湯沢,24.5
2025-07-20,16321,北海道,黒松内,24.4
2025-07-20,12551,北海道,美瑛,24.4
2025-07-20,84072,長崎県,厳原,24.4
2025-07-20,17246,北海道,常呂,24.4
2025-07-20,66336,岡山県,高梁,24.4
2025-07-20,67151,広島県,大朝,24.4
2025-07-20,20146,北海道,陸別,24.4
2025-07-20,24156,北海道,米岡,24.4
2025-07-20,66186,岡山県,津山,24.4
2025-07-20,23226,北海道,北斗,24.4
2025-07-20,33526,岩手県,川井,24.4
2025-07-20,33576,岩手県,花巻,24.4
2025-07-20,49086,山梨県,韮崎,24.4
2025-07-20,32451,秋田県,雄和,24.4
2025-07-20,35146,山形県,狩川,24.4
2025-07-20,35176,山形県,向町,24.4
2025-07-20,52557,岐阜県,中津川,24.4
2025-07-20,53061,三重県,四日市,24.4
2025-07-20,12632,北海道,麓郷,24.3
2025-07-20,52556,岐阜県,恵那,24.3
2025-07-20,87352,宮崎県,小林,24.3
2025-07-20,17561,北海道,斜里,24.3
2025-07-20,56093,石川県,三井,24.3
2025-07-20,33911,岩手県,一関,24.3
2025-07-20,86157,熊本県,南阿蘇,24.3
2025-07-20,36611,福島県,広野,24.3
2025-07-20,18136,北海道,標津,24.3
2025-07-20,20186,北海道,ぬかびら源泉郷,24.3
2025-07-20,36221,福島県,飯舘,24.3
2025-07-20,32111,秋田県,能代,24.3
2025-07-20,72126,香川県,香南,24.3
2025-07-20,69271,鳥取県,茶屋,24.3
2025-07-20,31466,青森県,黒石,24.3
2025-07-20,35162,山形県,新庄,24.2
2025-07-20,17546,北海道,小清水,24.2
2025-07-20,49316,山梨県,南部,24.2
2025-07-20,50506,静岡県,稲取,24.2
2025-07-20,56286,石川県,白山河内,24.2
2025-07-20,20276,北海道,足寄,24.2
2025-07-20,83431,大分県,宇目,24.2
2025-07-20,83371,大分県,竹田,24.2
2025-07-20,81486,山口県,安下庄,24.2
2025-07-20,31586,青森県,十和田,24.2
2025-07-20,67106,広島県,三次,24.2
2025-07-20,81397,山口県,玖珂,24.2
2025-07-20,43156,埼玉県,秩父,24.2
2025-07-20,16286,北海道,喜茂別,24.2
2025-07-20,85161,佐賀県,嬉野,24.2
2025-07-20,52406,岐阜県,金山,24.2
2025-07-20,46166,神奈川県,小田原,24.2
2025-07-20,73126,愛媛県,西条,24.2
2025-07-20,15356,北海道,岩見沢,24.1
2025-07-20,54816,新潟県,関山,24.1
2025-07-20,52346,岐阜県,宮地,24.1
2025-07-20,68306,島根県,赤名,24.1
2025-07-20,66346,岡山県,日応寺,24.1
2025-07-20,74361,高知県,窪川,24.1
2025-07-20,83341,大分県,犬飼,24.1
2025-07-20,42286,群馬県,上里見,24.1
2025-07-20,48361,長野県,松本,24.1
2025-07-20,41141,栃木県,大田原,24.1
2025-07-20,65026,和歌山県,かつらぎ,24.0
2025-07-20,32466,秋田県,角館,24.0
2025-07-20,33421,岩手県,雫石,24.0
2025-07-20,73306,愛媛県,大洲,24.0
2025-07-20,31461,青森県,弘前,24.0
2025-07-20,23281,北海道,高松,24.0
2025-07-20,69041,鳥取県,青谷,24.0
2025-07-20,81231,山口県,広瀬,24.0
2025-07-20,12501,北海道,東神楽,24.0
2025-07-20,50476,静岡県,菊川牧之原,24.0
2025-07-20,86236,熊本県,甲佐,24.0
2025-07-20,16026,北海道,美国,24.0
2025-07-20,54086,新潟県,村上,24.0
2025-07-20,52286,岐阜県,萩原,24.0
2025-07-20,36676,福島県,石川,24.0
2025-07-20,16217,北海道,倶知安,24.0
2025-07-20,12386,北海道,江丹別,23.9
2025-07-20,24201,北海道,鶉,23.9
2025-07-20,61242,京都府,園部,23.9
2025-07-20,17531,北海道,女満別,23.9
2025-07-20,20341,北海道,本別,23.9
2025-07-20,43171,埼玉県,鳩山,23.9
2025-07-20,62016,大阪府,能勢,23.9
2025-07-20,22241,北海道,静内,23.9
2025-07-20,20441,北海道,池田,23.9
2025-07-20,53378,三重県,尾鷲,23.9
2025-07-20,33801,岩手県,住田,23.9
2025-07-20,36667,福島県,白河,23.9
2025-07-20,13277,北海道,留萌,23.8
2025-07-20,74381,高知県,江川崎,23.8
2025-07-20,44226,東京都,三宅島,23.8
2025-07-20,61206,京都府,美山,23.8
2025-07-20,17341,北海道,網走,23.8
2025-07-20,33226,岩手県,岩手松尾,23.8
2025-07-20,54271,新潟県,羽茂,23.8
2025-07-20,12411,北海道,上川,23.8
2025-07-20,87041,宮崎県,高千穂,23.7
2025-07-20,87071,宮崎県,鞍岡,23.7
2025-07-20,53326,三重県,紀伊長島,23.7
2025-07-20,88331,鹿児島県,輝北,23.7
2025-07-20,82206,福岡県,添田,23.7
2025-07-20,23326,北海道,木古内,23.7
2025-07-20,31336,青森県,六ケ所,23.7
2025-07-20,22141,北海道,日高門別,23.7
2025-07-20,51116,愛知県,豊田,23.7
2025-07-20,84519,長崎県,雲仙岳,23.7
2025-07-20,66046,岡山県,上長田,23.7
2025-07-20,33776,岩手県,若柳,23.7
2025-07-20,15431,北海道,長沼,23.7
2025-07-20,65201,和歌山県,川辺,23.7
2025-07-20,40191,茨城県,笠間,23.7
2025-07-20,12266,北海道,朝日,23.6
2025-07-20,15241,北海道,滝川,23.6
2025-07-20,17607,北海道,境野,23.6
2025-07-20,36821,福島県,東白川,23.6
2025-07-20,15161,北海道,深川,23.6
2025-07-20,52461,岐阜県,美濃,23.6
2025-07-20,49236,山梨県,切石,23.6
2025-07-20,36176,福島県,喜多方,23.6
2025-07-20,35511,山形県,高畠,23.6
2025-07-20,35376,山形県,左沢,23.6
2025-07-20,54616,新潟県,小出,23.6
2025-07-20,20506,北海道,浦幌,23.5
2025-07-20,34296,宮城県,女川,23.5
2025-07-20,54191,新潟県,下関,23.5
2025-07-20,12041,北海道,音威子府,23.5
2025-07-20,18174,北海道,根室中標津,23.5
2025-07-20,17521,北海道,北見,23.5
2025-07-20,36151,福島県,相馬,23.5
2025-07-20,54541,新潟県,柏崎,23.5
2025-07-20,56036,石川県,珠洲,23.5
2025-07-20,50386,静岡県,天竜,23.5
2025-07-20,41271,栃木県,鹿沼,23.5
2025-07-20,53091,三重県,亀山,23.5
2025-07-20,15156,北海道,秩父別,23.5
2025-07-20,17166,北海道,湧別,23.5
2025-07-20,17351,北海道,宇登呂,23.5
2025-07-20,14071,北海道,厚田,23.5
2025-07-20,72121,香川県,滝宮,23.5
2025-07-20,66296,岡山県,福渡,23.4
2025-07-20,21187,北海道,苫小牧,23.4
2025-07-20,60226,滋賀県,信楽,23.4
2025-07-20,20371,北海道,駒場,23.4
2025-07-20,82317,福岡県,黒木,23.4
2025-07-20,16061,北海道,神恵内,23.4
2025-07-20,43051,埼玉県,寄居,23.4
2025-07-20,36581,福島県,玉川,23.4
2025-07-20,13261,北海道,達布,23.4
2025-07-20,73276,愛媛県,久万,23.4
2025-07-20,16156,北海道,共和,23.4
2025-07-20,34436,宮城県,名取,23.4
2025-07-20,33877,岩手県,大船渡,23.4
2025-07-20,12301,北海道,和寒,23.4
2025-07-20,87206,宮崎県,神門,23.4
2025-07-20,52331,岐阜県,八幡,23.4
2025-07-20,41181,栃木県,塩谷,23.4
2025-07-20,50477,静岡県,静岡空港,23.4
2025-07-20,34186,宮城県,志津川,23.3
2025-07-20,34216,宮城県,古川,23.3
2025-07-20,34096,宮城県,川渡,23.3
2025-07-20,71087,徳島県,穴吹,23.3
2025-07-20,21276,北海道,鵡川,23.3
2025-07-20,12011,北海道,中川,23.3
2025-07-20,11276,北海道,中頓別,23.3
2025-07-20,67212,広島県,加計,23.3
2025-07-20,18161,北海道,上標津,23.3
2025-07-20,17717,北海道,津別,23.3
2025-07-20,32286,秋田県,男鹿,23.3
2025-07-20,63071,兵庫県,兎和野高原,23.3
2025-07-20,18171,北海道,中標津,23.3
2025-07-20,20421,北海道,芽室,23.3
2025-07-20,36251,福島県,西会津,23.3
2025-07-20,32296,秋田県,五城目,23.3
2025-07-20,21312,北海道,登別,23.3
2025-07-20,21111,北海道,厚真,23.3
2025-07-20,21226,北海道,大岸,23.3
2025-07-20,33921,岩手県,千厩,23.3
2025-07-20,34331,宮城県,塩釜,23.3
2025-07-20,16206,北海道,蘭越,23.3
2025-07-20,86006,熊本県,鹿北,23.3
2025-07-20,34292,宮城県,石巻,23.3
2025-07-20,13181,北海道,羽幌,23.3
2025-07-20,18038,北海道,羅臼,23.2
2025-07-20,69061,鳥取県,岩井,23.2
2025-07-20,12141,北海道,美深,23.2
2025-07-20,42326,群馬県,西野牧,23.2
2025-07-20,55191,富山県,南砺高宮,23.2
2025-07-20,86161,熊本県,高森,23.2
2025-07-20,36846,福島県,小名浜,23.2
2025-07-20,15231,北海道,空知吉野,23.2
2025-07-20,15116,北海道,石狩沼田,23.2
2025-07-20,14121,北海道,石狩,23.2
2025-07-20,19261,北海道,中徹別,23.2
2025-07-20,33472,岩手県,宮古,23.2
2025-07-20,17316,北海道,佐呂間,23.2
2025-07-20,32126,秋田県,鷹巣,23.2
2025-07-20,11206,北海道,浜頓別,23.1
2025-07-20,54676,新潟県,十日町,23.1
2025-07-20,36836,福島県,山田,23.1
2025-07-20,15311,北海道,月形,23.1
2025-07-20,55166,富山県,上市,23.1
2025-07-20,35116,山形県,金山,23.1
2025-07-20,14101,北海道,新篠津,23.1
2025-07-20,13086,北海道,遠別,23.1
2025-07-20,20556,北海道,糠内,23.1
2025-07-20,22036,北海道,日高,23.1
2025-07-20,74136,高知県,大栃,23.1
2025-07-20,32571,秋田県,本荘,23.1
2025-07-20,11076,北海道,浜鬼志別,23.1
2025-07-20,55041,富山県,氷見,23.1
2025-07-20,87231,宮崎県,西米良,23.1
2025-07-20,14136,北海道,江別,23.1
2025-07-20,34471,宮城県,亘理,23.1
2025-07-20,88286,鹿児島県,牧之原,23.1
2025-07-20,66091,岡山県,千屋,23.0
2025-07-20,19021,北海道,川湯,23.0
2025-07-20,36591,福島県,小野新町,23.0
2025-07-20,21261,北海道,白老,23.0
2025-07-20,86111,熊本県,阿蘇乙姫,23.0
2025-07-20,34506,宮城県,丸森,23.0
2025-07-20,41247,栃木県,那須烏山,23.0
2025-07-20,12396,北海道,比布,23.0
2025-07-20,34171,宮城県,米山,23.0
2025-07-20,34111,宮城県,築館,23.0
2025-07-20,11016,北海道,稚内,23.0
2025-07-20,50136,静岡県,御殿場,23.0
2025-07-20,17306,北海道,遠軽,23.0
2025-07-20,42186,群馬県,中之条,23.0
2025-07-20,33336,岩手県,小本,23.0
2025-07-20,34462,宮城県,蔵王,22.9
2025-07-20,14286,北海道,支笏湖畔,22.9
2025-07-20,54721,新潟県,能生,22.9
2025-07-20,54836,新潟県,津南,22.9
2025-07-20,33326,岩手県,岩泉,22.9
2025-07-20,32407,秋田県,岩見三内,22.9
2025-07-20,32626,秋田県,矢島,22.9
2025-07-20,19051,北海道,弟子屈,22.9
2025-07-20,18273,北海道,根室,22.9
2025-07-20,36501,福島県,川内,22.9
2025-07-20,48296,長野県,穂高,22.9
2025-07-20,73001,愛媛県,大三島,22.9
2025-07-20,67376,広島県,東広島,22.9
2025-07-20,48061,長野県,信濃町,22.9
2025-07-20,15076,北海道,幌加内,22.9
2025-07-20,12231,北海道,下川,22.9
2025-07-20,11291,北海道,北見枝幸,22.8
2025-07-20,12261,北海道,士別,22.8
2025-07-20,13121,北海道,初山別,22.8
2025-07-20,12746,北海道,占冠,22.8
2025-07-20,11061,北海道,声問,22.8
2025-07-20,22327,北海道,浦河,22.8
2025-07-20,67116,広島県,庄原,22.8
2025-07-20,21126,北海道,穂別,22.8
2025-07-20,48363,長野県,松本今井,22.8
2025-07-20,17596,北海道,留辺蘂,22.8
2025-07-20,31646,青森県,碇ケ関,22.8
2025-07-20,32771,秋田県,湯の岱,22.8
2025-07-20,40061,茨城県,大子,22.8
2025-07-20,32136,秋田県,大館,22.8
2025-07-20,66171,岡山県,久世,22.8
2025-07-20,48767,長野県,飯田,22.8
2025-07-20,32476,秋田県,田沢湖,22.8
2025-07-20,34276,宮城県,鹿島台,22.8
2025-07-20,17112,北海道,紋別,22.8
2025-07-20,33616,岩手県,山田,22.8
2025-07-20,52482,岐阜県,黒川,22.8
2025-07-20,51247,愛知県,新城,22.8
2025-07-20,34026,宮城県,気仙沼,22.8
2025-07-20,36342,福島県,金山,22.7
2025-07-20,33006,岩手県,種市,22.7
2025-07-20,11316,北海道,歌登,22.7
2025-07-20,12181,北海道,名寄,22.7
2025-07-20,13321,北海道,幌糠,22.7
2025-07-20,35071,山形県,差首鍋,22.7
2025-07-20,33166,岩手県,荒屋,22.7
2025-07-20,32146,秋田県,鹿角,22.7
2025-07-20,17116,北海道,紋別小向,22.7
2025-07-20,54841,新潟県,湯沢,22.7
2025-07-20,14296,北海道,千歳,22.7
2025-07-20,54421,新潟県,津川,22.6
2025-07-20,14206,北海道,恵庭島松,22.6
2025-07-20,48546,長野県,辰野,22.6
2025-07-20,49036,山梨県,大泉,22.6
2025-07-20,64101,奈良県,大宇陀,22.6
2025-07-20,31721,青森県,三戸,22.6
2025-07-20,22156,北海道,新和,22.6
2025-07-20,69246,鳥取県,智頭,22.6
2025-07-20,53231,三重県,粥見,22.5
2025-07-20,32496,秋田県,大正寺,22.5
2025-07-20,17076,北海道,興部,22.5
2025-07-20,40091,茨城県,常陸大宮,22.5
2025-07-20,36391,福島県,船引,22.5
2025-07-20,11176,北海道,豊富,22.5
2025-07-20,15041,北海道,朱鞠内,22.5
2025-07-20,31332,青森県,野辺地,22.5
2025-07-20,11001,北海道,宗谷岬,22.5
2025-07-20,48386,長野県,佐久,22.4
2025-07-20,13061,北海道,天塩,22.4
2025-07-20,48066,長野県,飯山,22.4
2025-07-20,13146,北海道,焼尻,22.4
2025-07-20,74071,高知県,本山,22.4
2025-07-20,65306,和歌山県,西川,22.4
2025-07-20,36276,福島県,猪苗代,22.4
2025-07-20,17036,北海道,雄武,22.4
2025-07-20,50226,静岡県,佐久間,22.4
2025-07-20,17501,北海道,生田原,22.4
2025-07-20,62081,大阪府,生駒山,22.4
2025-07-20,48841,長野県,南信濃,22.4
2025-07-20,33631,岩手県,湯田,22.4
2025-07-20,34266,宮城県,大衡,22.4
2025-07-20,48491,長野県,諏訪,22.3
2025-07-20,11091,北海道,本泊,22.3
2025-07-20,44046,東京都,小河内,22.3
2025-07-20,86066,熊本県,南小国,22.3
2025-07-20,36536,福島県,南郷,22.3
2025-07-20,11121,北海道,沼川,22.3
2025-07-20,67421,広島県,廿日市津田,22.3
2025-07-20,34311,宮城県,新川,22.3
2025-07-20,33146,岩手県,久慈,22.2
2025-07-20,32581,秋田県,東由利,22.2
2025-07-20,31386,青森県,青森大谷,22.2
2025-07-20,35486,山形県,小国,22.2
2025-07-20,33671,岩手県,遠野,22.2
2025-07-20,74296,高知県,梼原,22.1
2025-07-20,35541,山形県,高峰,22.1
2025-07-20,20631,北海道,大津,22.1
2025-07-20,41091,栃木県,黒磯,22.1
2025-07-20,15442,北海道,夕張,22.1
2025-07-20,16281,北海道,真狩,22.1
2025-07-20,32181,秋田県,脇神,22.1
2025-07-20,33026,岩手県,軽米,22.1
2025-07-20,40046,茨城県,北茨城,22.1
2025-07-20,42146,群馬県,沼田,22.1
2025-07-20,65121,和歌山県,清水,22.1
2025-07-20,65256,和歌山県,栗栖川,22.1
2025-07-20,67316,広島県,世羅,22.1
2025-07-20,64206,奈良県,上北山,22.0
2025-07-20,71066,徳島県,池田,22.0
2025-07-20,11046,北海道,礼文,22.0
2025-07-20,11151,北海道,沓形,22.0
2025-07-20,31482,青森県,酸ケ湯,22.0
2025-07-20,54566,新潟県,守門,22.0
2025-07-20,50241,静岡県,川根本町,22.0
2025-07-20,34012,宮城県,駒ノ湯,22.0
2025-07-20,17196,北海道,滝上,22.0
2025-07-20,32266,秋田県,八幡平,22.0
2025-07-20,33071,岩手県,二戸,22.0
2025-07-20,17091,北海道,西興部,21.9
2025-07-20,52221,岐阜県,長滝,21.9
2025-07-20,22291,北海道,三石,21.9
2025-07-20,21171,北海道,森野,21.9
2025-07-20,33176,岩手県,奥中山,21.8
2025-07-20,42396,群馬県,神流,21.8
2025-07-20,48621,長野県,伊那,21.8
2025-07-20,64227,奈良県,風屋,21.8
2025-07-20,52381,岐阜県,樽見,21.8
2025-07-20,33206,岩手県,普代,21.8
2025-07-20,48321,長野県,東御,21.8
2025-07-20,52051,岐阜県,神岡,21.8
2025-07-20,66221,岡山県,新見,21.8
2025-07-20,19311,北海道,榊町,21.8
2025-07-20,49161,山梨県,大月,21.8
2025-07-20,18311,北海道,厚床,21.7
2025-07-20,64041,奈良県,針,21.7
2025-07-20,21161,北海道,大滝,21.7
2025-07-20,19376,北海道,太田,21.7
2025-07-20,31662,青森県,休屋,21.7
2025-07-20,52146,岐阜県,高山,21.6
2025-07-20,18256,北海道,別海,21.6
2025-07-20,67016,広島県,高野,21.6
2025-07-20,48381,長野県,立科,21.6
2025-07-20,48031,長野県,野沢温泉,21.6
2025-07-20,71251,徳島県,木頭,21.5
2025-07-20,48141,長野県,白馬,21.5
2025-07-20,48717,長野県,南木曽,21.5
2025-07-20,19347,北海道,鶴丘,21.4
2025-07-20,36056,福島県,茂庭,21.4
2025-07-20,35216,山形県,肘折,21.4
2025-07-20,42091,群馬県,みなかみ,21.4
2025-07-20,22306,北海道,中杵臼,21.3
2025-07-20,32311,秋田県,阿仁合,21.3
2025-07-20,41076,栃木県,五十里,21.3
2025-07-20,36426,福島県,只見,21.2
2025-07-20,65162,和歌山県,龍神,21.1
2025-07-20,32206,秋田県,湯瀬,21.1
2025-07-20,33371,岩手県,薮川,21.1
2025-07-20,54661,新潟県,安塚,21.1
2025-07-20,48196,長野県,信州新町,21.1
2025-07-20,48606,長野県,木曽福島,21.0
2025-07-20,41172,栃木県,日光東町,21.0
2025-07-20,33186,岩手県,葛巻,21.0
2025-07-20,33136,岩手県,山形,20.7
2025-07-20,33441,岩手県,区界,20.7
2025-07-20,19151,北海道,標茶,20.6
2025-07-20,49196,山梨県,古関,20.5
2025-07-20,36196,福島県,鷲倉,20.5
2025-07-20,49251,山梨県,河口湖,20.4
2025-07-20,50106,静岡県,井川,20.4
2025-07-20,71191,徳島県,京上,20.3
2025-07-20,41011,栃木県,那須高原,20.3
2025-07-20,48561,長野県,原村,20.3
2025-07-20,48191,長野県,大町,20.2
2025-07-20,48331,長野県,軽井沢,20.2
2025-07-20,52081,岐阜県,白川,20.1
2025-07-20,74056,高知県,本川,20.1
2025-07-20,19432,北海道,釧路,20.1
2025-07-20,33486,岩手県,沢内,20.1
2025-07-20,18281,北海道,納沙布,20.1
2025-07-20,36106,福島県,桧原,20.0
2025-07-20,19416,北海道,白糠,19.9
2025-07-20,48731,長野県,飯島,19.9
2025-07-20,41116,栃木県,土呂部,19.9
2025-07-20,67191,広島県,油木,19.8
2025-07-20,36641,福島県,田島,19.8
2025-07-20,52041,岐阜県,河合,19.7
2025-07-20,19191,北海道,鶴居,19.7
2025-07-20,42121,群馬県,草津,19.7
2025-07-20,48536,長野県,木祖薮原,19.7
2025-07-20,65061,和歌山県,高野山,19.6
2025-07-20,51071,愛知県,稲武,19.6
2025-07-20,52111,岐阜県,栃尾,19.6
2025-07-20,19451,北海道,知方学,19.5
2025-07-20,42046,群馬県,藤原,19.5
2025-07-20,22391,北海道,えりも岬,19.4
2025-07-20,42221,群馬県,田代,18.7
2025-07-20,35361,山形県,大井沢,18.7
2025-07-20,48571,長野県,野辺山,18.6
2025-07-20,36562,福島県,湯本,18.6
2025-07-20,36716,福島県,桧枝岐,18.2
2025-07-20,52181,岐阜県,六厩,18.0
2025-07-20,48826,長野県,浪合,18.0
2025-07-20,48216,長野県,菅平,18.0
2025-07-20,52196,岐阜県,宮之前,17.7
2025-07-20,48531,長野県,開田高原,17.3
2025-07-20,41166,栃木県,奥日光,17.2
2025-07-20,49256,山梨県,山中,16.8
2025-07-20,48466,長野県,奈川,15.8
